{"name":"Bluemix Mobile Q/A","created":"2016-12-15T18:25:42.367Z","intents":[{"intent":"capabilities","created":"2016-12-15T18:36:35.918Z","updated":"2016-12-15T18:37:50.617Z","examples":[{"text":"Help","created":"2016-12-15T18:36:57.750Z","updated":"2016-12-15T18:36:57.750Z"},{"text":"Help me","created":"2016-12-15T18:37:06.505Z","updated":"2016-12-15T18:37:06.505Z"},{"text":"How can you help","created":"2016-12-15T18:37:10.088Z","updated":"2016-12-15T18:37:10.088Z"},{"text":"Tell me what you can do","created":"2016-12-15T18:37:18.597Z","updated":"2016-12-15T18:37:18.597Z"},{"text":"What can I say","created":"2016-12-15T18:37:31.044Z","updated":"2016-12-15T18:37:31.044Z"},{"text":"What can you do","created":"2016-12-15T18:36:48.969Z","updated":"2016-12-15T18:37:44.711Z"},{"text":"What do you know","created":"2016-12-15T18:37:41.107Z","updated":"2016-12-15T18:37:41.107Z"},{"text":"What things can you do","created":"2016-12-15T18:37:50.617Z","updated":"2016-12-15T18:37:50.617Z"}],"description":null},{"intent":"doc_request","created":"2016-12-15T18:42:07.999Z","updated":"2016-12-15T18:43:50.808Z","examples":[{"text":"Can you tell me more","created":"2016-12-15T18:42:16.601Z","updated":"2016-12-15T18:42:16.601Z"},{"text":"Doc","created":"2016-12-15T18:43:29.779Z","updated":"2016-12-15T18:43:29.779Z"},{"text":"Docs","created":"2016-12-15T18:43:31.724Z","updated":"2016-12-15T18:43:31.724Z"},{"text":"Documentation","created":"2016-12-15T18:43:34.870Z","updated":"2016-12-15T18:43:34.870Z"},{"text":"Give docs","created":"2016-12-15T18:42:22.417Z","updated":"2016-12-15T18:42:22.417Z"},{"text":"Link me","created":"2016-12-15T18:43:25.582Z","updated":"2016-12-15T18:43:25.582Z"},{"text":"Manual","created":"2016-12-15T18:43:43.981Z","updated":"2016-12-15T18:43:43.981Z"},{"text":"More Information","created":"2016-12-15T18:43:50.808Z","updated":"2016-12-15T18:43:57.636Z"},{"text":"Readme","created":"2016-12-15T18:43:45.938Z","updated":"2016-12-15T18:43:45.938Z"},{"text":"Show docs","created":"2016-12-15T18:42:25.411Z","updated":"2016-12-15T18:42:25.411Z"}],"description":null},{"intent":"greeting","created":"2016-12-15T18:26:21.185Z","updated":"2016-12-15T18:35:51.645Z","examples":[{"text":"Good day","created":"2016-12-15T18:35:22.108Z","updated":"2016-12-15T18:35:22.108Z"},{"text":"Good morning","created":"2016-12-15T18:35:30.789Z","updated":"2016-12-15T18:35:30.789Z"},{"text":"Hello","created":"2016-12-15T18:34:32.800Z","updated":"2016-12-15T18:34:32.800Z"},{"text":"Hello Watson","created":"2016-12-15T18:34:42.581Z","updated":"2016-12-15T18:34:42.581Z"},{"text":"Hey","created":"2016-12-15T18:34:52.102Z","updated":"2016-12-15T18:34:52.102Z"},{"text":"Hey there","created":"2016-12-15T18:34:54.653Z","updated":"2016-12-15T18:34:54.653Z"},{"text":"Hi","created":"2016-12-15T18:34:38.912Z","updated":"2016-12-15T18:34:38.912Z"},{"text":"Hi Watson","created":"2016-12-15T18:34:46.050Z","updated":"2016-12-15T18:34:46.050Z"},{"text":"Howdy","created":"2016-12-15T18:35:09.558Z","updated":"2016-12-15T18:35:09.558Z"},{"text":"What's up","created":"2016-12-15T18:35:51.645Z","updated":"2016-12-15T18:35:51.645Z"}],"description":null},{"intent":"off_topic","created":"2017-01-15T01:35:27.928Z","updated":"2017-01-15T01:35:27.928Z","examples":[{"text":"aho","created":"2017-01-15T01:35:27.928Z","updated":"2017-01-15T01:35:27.928Z"},{"text":"badasd","created":"2017-01-15T01:35:27.928Z","updated":"2017-01-15T01:35:27.928Z"},{"text":"casdasda","created":"2017-01-15T01:35:27.928Z","updated":"2017-01-15T01:35:27.928Z"},{"text":"daeara","created":"2017-01-15T01:35:27.928Z","updated":"2017-01-15T01:35:27.928Z"},{"text":"eafafead","created":"2017-01-15T01:35:27.928Z","updated":"2017-01-15T01:35:27.928Z"},{"text":"faearada","created":"2017-01-15T01:35:27.928Z","updated":"2017-01-15T01:35:27.928Z"},{"text":"gaeradawr","created":"2017-01-15T01:35:27.928Z","updated":"2017-01-15T01:35:27.928Z"},{"text":"headaed","created":"2017-01-15T01:35:27.928Z","updated":"2017-01-15T01:35:27.928Z"},{"text":"iadaeda","created":"2017-01-15T01:35:27.928Z","updated":"2017-01-15T01:35:27.928Z"},{"text":"jadeade","created":"2017-01-15T01:35:27.928Z","updated":"2017-01-15T01:35:27.928Z"},{"text":"kaddaea","created":"2017-01-15T01:35:27.928Z","updated":"2017-01-15T01:35:27.928Z"},{"text":"lafafe","created":"2017-01-15T01:35:27.928Z","updated":"2017-01-15T01:35:27.928Z"},{"text":"mafeaf","created":"2017-01-15T01:35:27.928Z","updated":"2017-01-15T01:35:27.928Z"},{"text":"nfeafda","created":"2017-01-15T01:35:27.928Z","updated":"2017-01-15T01:35:27.928Z"},{"text":"ofeaf","created":"2017-01-15T01:35:27.928Z","updated":"2017-01-15T01:35:27.928Z"}],"description":null},{"intent":"service_general_inquiry","created":"2016-12-15T18:40:25.451Z","updated":"2016-12-15T18:41:51.232Z","examples":[{"text":"All services","created":"2016-12-15T18:41:51.232Z","updated":"2016-12-15T18:41:51.232Z"},{"text":"List","created":"2016-12-15T18:41:20.126Z","updated":"2016-12-15T18:41:20.126Z"},{"text":"List mobile services","created":"2016-12-15T18:41:17.503Z","updated":"2016-12-15T18:41:17.503Z"},{"text":"What all does Bluemix offer","created":"2016-12-15T18:40:39.833Z","updated":"2016-12-15T18:40:39.833Z"},{"text":"What are the mobile services","created":"2016-12-15T18:41:08.552Z","updated":"2016-12-15T18:41:08.552Z"},{"text":"What can I use in my app","created":"2016-12-15T18:40:55.773Z","updated":"2016-12-15T18:40:55.773Z"},{"text":"What mobile services","created":"2016-12-15T18:41:01.722Z","updated":"2016-12-15T18:41:01.722Z"},{"text":"What services are there","created":"2016-12-15T18:40:46.083Z","updated":"2016-12-15T18:40:46.083Z"}],"description":null},{"intent":"service_specific_inquiry","created":"2016-12-15T18:38:47.996Z","updated":"2016-12-15T18:41:58.795Z","examples":[{"text":"Can you tell me about","created":"2016-12-15T18:38:53.592Z","updated":"2016-12-15T18:38:53.592Z"},{"text":"Explain","created":"2016-12-15T18:41:36.921Z","updated":"2016-12-15T18:41:36.921Z"},{"text":"Service","created":"2016-12-15T18:41:58.795Z","updated":"2016-12-15T18:41:58.795Z"},{"text":"Tell me about","created":"2016-12-15T18:41:34.077Z","updated":"2016-12-15T18:41:34.077Z"},{"text":"What can I do with","created":"2016-12-15T18:38:58.378Z","updated":"2016-12-15T18:38:58.378Z"},{"text":"What good is","created":"2016-12-15T18:39:01.319Z","updated":"2016-12-15T18:39:01.319Z"},{"text":"What is","created":"2016-12-15T18:39:04.039Z","updated":"2016-12-15T18:39:04.039Z"},{"text":"What's the use of","created":"2016-12-15T18:39:48.969Z","updated":"2016-12-15T18:39:48.969Z"}],"description":null}],"updated":"2017-01-15T02:18:32.892Z","entities":[{"type":null,"entity":"mobile_service","source":null,"values":[{"value":"Cloudant NoSQL DB","created":"2017-01-15T00:31:53.923Z","updated":"2017-01-15T00:31:53.923Z","metadata":null,"synonyms":["Cloudant","Data","NoSQL"]},{"value":"IBM Push Notifications","created":"2017-01-15T00:32:26.856Z","updated":"2017-01-15T00:32:26.856Z","metadata":null,"synonyms":["APNs","FCM","GCM","Messages","Push","Push Notification"]},{"value":"Mobile Analytics","created":"2017-01-15T00:32:40.239Z","updated":"2017-01-15T00:32:40.239Z","metadata":null,"synonyms":["Analytics"]},{"value":"Mobile Client Access","created":"2017-01-15T00:33:03.418Z","updated":"2017-01-15T00:33:03.418Z","metadata":null,"synonyms":["Authorization","Client Access","MCA","Security"]},{"value":"Mobile Quality Assurance","created":"2017-01-15T00:33:25.856Z","updated":"2017-01-15T00:33:25.856Z","metadata":null,"synonyms":["MQA","QA","Quality","Quality Assurance"]},{"value":"Watson Conversation","created":"2017-01-15T00:36:05.276Z","updated":"2017-01-15T00:36:05.276Z","metadata":null,"synonyms":["Conversation","This"]}],"created":"2017-01-15T00:31:32.712Z","updated":"2017-01-15T00:31:32.712Z","open_list":false,"description":null}],"language":"en","metadata":null,"description":"Manages a dialog between Watson and a user interested in Bluemix Mobile Services.","dialog_nodes":[{"go_to":null,"output":{},"parent":null,"context":null,"created":"2017-01-15T00:28:42.985Z","updated":"2017-01-15T01:49:05.656Z","metadata":null,"conditions":"#service_specific_inquiry && @mobile_service","description":null,"dialog_node":"node_6_1484440122439","previous_sibling":"node_2_1484438787030"},{"go_to":null,"output":{},"parent":null,"context":null,"created":"2017-01-15T00:53:13.666Z","updated":"2017-01-15T00:53:30.011Z","metadata":null,"conditions":"#doc_request && @mobile_service","description":null,"dialog_node":"node_9_1484441593132","previous_sibling":"node_6_1484440122439"},{"go_to":null,"output":{},"parent":"node_6_1484440122439","context":null,"created":"2017-01-15T01:49:08.276Z","updated":"2017-01-15T02:03:09.096Z","metadata":null,"conditions":"#doc_request","description":null,"dialog_node":"node_25_1484444948103","previous_sibling":null},{"go_to":null,"output":{"text":{"values":["Hi. I'm here to help you explore the Bluemix Mobile Services. What would you like to know more about?"]}},"parent":null,"context":{"default_counter":0},"created":"2017-01-15T00:04:45.637Z","updated":"2017-01-15T00:11:08.591Z","metadata":null,"conditions":"conversation_start || #greeting","description":null,"dialog_node":"node_1_1484438685073","previous_sibling":null},{"go_to":null,"output":{"text":{"values":["I am able to list the Mobile Services offered by Bluemix as well as give short descriptions for each and give you links to learn more."],"selection_policy":"sequential"}},"parent":null,"context":null,"created":"2017-01-15T00:06:27.591Z","updated":"2017-01-15T00:12:59.172Z","metadata":null,"conditions":"#capabilities","description":null,"dialog_node":"node_2_1484438787030","previous_sibling":"node_5_1484439225736"},{"go_to":null,"output":{"text":{"values":["I am afraid I don't understand. Try asking about Bluemix Mobile Services."],"selection_policy":"sequential"}},"parent":null,"context":null,"created":"2017-01-15T01:30:10.365Z","updated":"2017-01-15T01:35:42.412Z","metadata":null,"conditions":"anything_else || #off_topic","description":null,"dialog_node":"node_21_1484443810020","previous_sibling":"node_16_1484442128552"},{"go_to":null,"output":{"text":{"values":["Which service would you like to see docs for?"],"selection_policy":"sequential"}},"parent":null,"context":null,"created":"2017-01-15T01:02:09.114Z","updated":"2017-01-15T01:03:32.125Z","metadata":null,"conditions":"#doc_request","description":null,"dialog_node":"node_16_1484442128552","previous_sibling":"node_9_1484441593132"},{"go_to":null,"output":{"text":{"values":["The following Mobile Services are supported: Cloudant, Push Notifications, Analytics, Mobile Client Access, Quality Assurance, and Conversation.","I can tell you about the following Mobile Services: Cloudant, Push Notifications, Analytics, Mobile Client Access, Quality Assurance, and Conversation."],"selection_policy":"random"}},"parent":null,"context":null,"created":"2017-01-15T00:13:46.276Z","updated":"2017-01-15T00:34:34.300Z","metadata":null,"conditions":"#service_general_inquiry","description":null,"dialog_node":"node_5_1484439225736","previous_sibling":"node_1_1484438685073"},{"go_to":{"return":null,"selector":"body","dialog_node":"node_9_1484441593132"},"output":{},"parent":"node_16_1484442128552","context":null,"created":"2017-01-15T01:03:33.655Z","updated":"2017-01-15T02:18:32.892Z","metadata":null,"conditions":"@mobile_service","description":null,"dialog_node":"node_17_1484442213127","previous_sibling":null},{"type":"response_condition","go_to":null,"output":{"text":{"values":["IBM Cloudant NoSQL Database for Bluemix is a NoSQL database as a service (DBaaS). It's built from the ground up to scale globally, run non-stop, and handle a wide variety of data types like JSON, full-text, and geospatial. Cloudant NoSQL DB is an operational data store optimized to handle concurrent reads and writes, and provide high availability and data durability."],"selection_policy":"sequential"}},"parent":"node_6_1484440122439","context":{"context_service":"cloudant"},"created":"2017-01-15T00:29:18.902Z","updated":"2017-01-15T02:05:55.910Z","metadata":null,"conditions":" @mobile_service:(Cloudant NoSQL DB)","description":null,"dialog_node":"node_7_1484440158356","previous_sibling":"node_25_1484444948103"},{"type":"response_condition","go_to":null,"output":{"text":{"values":["IBM Push Notifications is a service with which you can use to send notifications to devices and platforms. Notifications can be targeted to all application users or to a specific set of users and devices using tags. You can administer devices, tags, and subscriptions. You can also use an SDK (software development kit) and Representational State Transfer (REST) application program interface (APIs) to further develop your client applications."],"selection_policy":"sequential"}},"parent":"node_6_1484440122439","context":{"context_service":"push"},"created":"2017-01-15T00:29:26.198Z","updated":"2017-01-15T02:12:34.867Z","metadata":null,"conditions":" @mobile_service:(IBM Push Notifications)","description":null,"dialog_node":"node_8_1484440165669","previous_sibling":"node_7_1484440158356"},{"type":"response_condition","go_to":null,"output":{"text":{"values":["I don't recognize that service, try asking about Cloudant, Push, Analytics, Client Access, Quality Assurance, or Conversation."],"selection_policy":"sequential"}},"parent":"node_6_1484440122439","context":null,"created":"2017-01-15T02:17:00.560Z","updated":"2017-01-15T02:17:42.982Z","metadata":null,"conditions":" true","description":null,"dialog_node":"node_33_1484446620195","previous_sibling":"node_4_1484440523024"},{"type":"response_condition","go_to":null,"output":{"text":{"values":["I don't recognize that service, try asking about Cloudant, Push, Analytics, Client Access, Quality Assurance, or Conversation."],"selection_policy":"sequential"}},"parent":"node_9_1484441593132","context":null,"created":"2017-01-15T01:49:36.149Z","updated":"2017-01-15T02:17:54.134Z","metadata":null,"conditions":" true","description":null,"dialog_node":"node_27_1484444975970","previous_sibling":"node_15_1484441641802"},{"type":"response_condition","go_to":null,"output":{"text":{"values":["Sure! Here you go: https://console.ng.bluemix.net/docs/services/Cloudant/index.html"],"selection_policy":"sequential"}},"parent":"node_25_1484444948103","context":null,"created":"2017-01-15T01:49:19.420Z","updated":"2017-01-15T02:07:21.769Z","metadata":null,"conditions":"context.context_service=='cloudant'","description":null,"dialog_node":"node_26_1484444959261","previous_sibling":null},{"type":"response_condition","go_to":null,"output":{"text":{"values":["Sure! Here you go: https://console.ng.bluemix.net/docs/services/Cloudant/index.html"],"selection_policy":"sequential"}},"parent":"node_9_1484441593132","context":null,"created":"2017-01-15T00:53:29.572Z","updated":"2017-01-15T02:07:14.215Z","metadata":null,"conditions":" @mobile_service:(Cloudant NoSQL DB)","description":null,"dialog_node":"node_10_1484441608884","previous_sibling":null},{"type":"response_condition","go_to":null,"output":{"text":{"values":["Sure! Here you go: https://console.ng.bluemix.net/docs/services/mobileaccess/index.html"],"selection_policy":"sequential"}},"parent":"node_25_1484444948103","context":null,"created":"2017-01-15T02:13:27.331Z","updated":"2017-01-15T02:14:49.457Z","metadata":null,"conditions":"context.context_service=='mca'","description":null,"dialog_node":"node_30_1484446407162","previous_sibling":"node_29_1484446051525"},{"type":"response_condition","go_to":null,"output":{"text":{"values":["Sure! Here you go: https://console.ng.bluemix.net/docs/services/mobileaccess/index.html"],"selection_policy":"sequential"}},"parent":"node_9_1484441593132","context":null,"created":"2017-01-15T00:53:46.381Z","updated":"2017-01-15T02:14:04.381Z","metadata":null,"conditions":" @mobile_service:(Mobile Client Access)","description":null,"dialog_node":"node_13_1484441625818","previous_sibling":"node_12_1484441619948"},{"type":"response_condition","go_to":null,"output":{"text":{"values":["Sure! Here you go: https://console.ng.bluemix.net/docs/services/mobileanalytics/index.html"],"selection_policy":"sequential"}},"parent":"node_25_1484444948103","context":null,"created":"2017-01-15T02:07:31.676Z","updated":"2017-01-15T02:07:59.713Z","metadata":null,"conditions":" context.context_service=='analytics'","description":null,"dialog_node":"node_29_1484446051525","previous_sibling":"node_28_1484445917413"},{"type":"response_condition","go_to":null,"output":{"text":{"values":["Sure! Here you go: https://console.ng.bluemix.net/docs/services/mobileanalytics/index.html"],"selection_policy":"sequential"}},"parent":"node_9_1484441593132","context":null,"created":"2017-01-15T00:53:40.478Z","updated":"2017-01-15T02:13:54.495Z","metadata":null,"conditions":" @mobile_service:(Mobile Analytics)","description":null,"dialog_node":"node_12_1484441619948","previous_sibling":"node_11_1484441615150"},{"type":"response_condition","go_to":null,"output":{"text":{"values":["Sure! Here you go: https://console.ng.bluemix.net/docs/services/mobilepush/index.html"],"selection_policy":"sequential"}},"parent":"node_25_1484444948103","context":null,"created":"2017-01-15T02:05:17.588Z","updated":"2017-01-15T02:07:31.611Z","metadata":null,"conditions":"context.context_service=='push'","description":null,"dialog_node":"node_28_1484445917413","previous_sibling":"node_26_1484444959261"},{"type":"response_condition","go_to":null,"output":{"text":{"values":["Sure! Here you go: https://console.ng.bluemix.net/docs/services/mobilepush/index.html"],"selection_policy":"sequential"}},"parent":"node_9_1484441593132","context":null,"created":"2017-01-15T00:53:35.676Z","updated":"2017-01-15T02:08:09.365Z","metadata":null,"conditions":" @mobile_service:(IBM Push Notifications)","description":null,"dialog_node":"node_11_1484441615150","previous_sibling":"node_10_1484441608884"},{"type":"response_condition","go_to":null,"output":{"text":{"values":["Sure! Here you go: https://console.ng.bluemix.net/docs/services/MobileQualityAssurance/index.html"],"selection_policy":"sequential"}},"parent":"node_25_1484444948103","context":null,"created":"2017-01-15T02:14:50.507Z","updated":"2017-01-15T02:15:08.573Z","metadata":null,"conditions":" context.context_service=='mqa'","description":null,"dialog_node":"node_31_1484446490285","previous_sibling":"node_30_1484446407162"},{"type":"response_condition","go_to":null,"output":{"text":{"values":["Sure! Here you go: https://console.ng.bluemix.net/docs/services/MobileQualityAssurance/index.html"],"selection_policy":"sequential"}},"parent":"node_9_1484441593132","context":null,"created":"2017-01-15T00:53:55.897Z","updated":"2017-01-15T02:14:11.856Z","metadata":null,"conditions":" @mobile_service:(Mobile Quality Assurance)","description":null,"dialog_node":"node_14_1484441635362","previous_sibling":"node_13_1484441625818"},{"type":"response_condition","go_to":null,"output":{"text":{"values":["Sure! Here you go: https://www.ibm.com/watson/developercloud/doc/conversation/index.html"],"selection_policy":"sequential"}},"parent":"node_25_1484444948103","context":null,"created":"2017-01-15T02:15:10.630Z","updated":"2017-01-15T02:15:27.943Z","metadata":null,"conditions":" context.context_service=='conversation'","description":null,"dialog_node":"node_32_1484446510462","previous_sibling":"node_31_1484446490285"},{"type":"response_condition","go_to":null,"output":{"text":{"values":["Sure! Here you go: https://www.ibm.com/watson/developercloud/doc/conversation/index.html"],"selection_policy":"sequential"}},"parent":"node_9_1484441593132","context":null,"created":"2017-01-15T00:54:02.332Z","updated":"2017-01-15T02:14:19.759Z","metadata":null,"conditions":" @mobile_service:(Watson Conversation)","description":null,"dialog_node":"node_15_1484441641802","previous_sibling":"node_14_1484441635362"},{"type":"response_condition","go_to":null,"output":{"text":{"values":["The IBM Mobile Analytics for Bluemix service provides key application usage and performance insights for mobile application developers and application owners. By using Mobile Analytics application owners and developers can understand what is happening on the user side, and they can use this insight to build better applications that are hyper-relevant to users and that stand out in the veritable sea of mobile applications."],"selection_policy":"sequential"}},"parent":"node_6_1484440122439","context":{"context_service":"analytics"},"created":"2017-01-15T00:34:50.386Z","updated":"2017-01-15T02:12:47.957Z","metadata":null,"conditions":" @mobile_service:(Mobile Analytics)","description":null,"dialog_node":"node_1_1484440489858","previous_sibling":"node_8_1484440165669"},{"type":"response_condition","go_to":null,"output":{"text":{"values":["The IBM Mobile Client Access for Bluemix service provides authentication for mobile and Web applications that access cloud resources hosted on Bluemix.  You can use the Mobile Client Access service to protect Node.js and Liberty for Java™ applications that are hosted on Bluemix with various authentication types. By instrumenting your mobile applications with Mobile Client Access SDK, you can use the authentication capabilities that are provided by Mobile Client Access service. Use the Mobile Client Access dashboard to configure the various authentication types, and see data that is gathered and sent by the client-side SDK."],"selection_policy":"sequential"}},"parent":"node_6_1484440122439","context":{"context_service":"mca"},"created":"2017-01-15T00:34:56.835Z","updated":"2017-01-15T02:12:59.119Z","metadata":null,"conditions":" @mobile_service:(Mobile Client Access)","description":null,"dialog_node":"node_2_1484440496290","previous_sibling":"node_1_1484440489858"},{"type":"response_condition","go_to":null,"output":{"text":{"values":["Use IBM Mobile Quality Assurance for Bluemix to discover and set up mobile quality services for your apps. You can view high-level quality metrics for your mobile apps to get a quick understanding of the issues for apps that you are working on. These metrics include information for crashes, bugs, user feedback, and user sentiment. By viewing this information for your apps, you can determine whether to investigate specific issues further. For example, if the crash rate for an app spikes, you can click the crash rate to view more detailed information on crash reports for that app."],"selection_policy":"sequential"}},"parent":"node_6_1484440122439","context":{"context_service":"mqa"},"created":"2017-01-15T00:35:02.964Z","updated":"2017-01-15T02:13:08.007Z","metadata":null,"conditions":" @mobile_service:(Mobile Quality Assurance)","description":null,"dialog_node":"node_3_1484440502414","previous_sibling":"node_2_1484440496290"},{"type":"response_condition","go_to":null,"output":{"text":{"values":["Watson Conversation combines a number of cognitive techniques to help you build and train a bot - defining intents and entities and crafting dialog to simulate conversation. The system can then be further refined with supplementary technologies to make the system more human-like or to give it a higher chance of returning the right answer. Watson Conversation allows you to deploy a range of bots via many channels, from simple, narrowly focused Bots to much more sophisticated, full-blown virtual agents across mobile devices, messaging platforms like Slack, or even through a physical robot. This very application is built using Watson Conversation."],"selection_policy":"sequential"}},"parent":"node_6_1484440122439","context":{"context_service":"conversation"},"created":"2017-01-15T00:35:23.732Z","updated":"2017-01-15T02:13:16.980Z","metadata":null,"conditions":" @mobile_service:(Watson Conversation)","description":null,"dialog_node":"node_4_1484440523024","previous_sibling":"node_3_1484440502414"}],"workspace_id":"0b885285-af99-46c0-8a58-84b77b13cb9a","counterexamples":[]}